id,name,price,rating,number of review
o4kF_b-ChUzozUsfZ-eO4w,Kai's Crab Boil,$$,4.5,357
AoS-6pVocSmnrYhyj9N0lg,Frank's Fish And Seafood Market,$$,4.5,192
uk0EeEv3egyPn-thIABpAg,The Pearl,$$,4.0,817
b5XdrFaBWwMleq3gFnA4_A,Mitchell's Ocean Club,$$$,4.5,415
Zu9Jg3FzpxzP4ckWxCWkHg,Windward Passage Restaurant,$$,4.0,151
a6XdTWW1rtiitKAQXInQsA,Lee's Seafood Boil - Columbus,$$$,3.5,128
fs4AIqOAq6w1-PeWIXgzOw,The Fish Guys,$$,4.0,34
-Xi_eE0A2bBcc93l0LCkhg,Columbus Fish Market,$$,3.0,264
ffMLQ3IeCQamz7tAV0XzOA,Joe's Crab Shack,$$,3.0,124
oRqgWTs4YBjEWCoz0xoFaw,Gallo's Kitchen & Bar,$$,4.5,224
XM8XU2Hm3BzVEMfIVktR-Q,Black Point,$$$,4.0,146
VEYRobB8yLNWyrmdsK0Dkg,Miller's Ale House - Columbus,$$,4.0,66
ewFMsE_X1PcS09yuO6eklA,J. Gilbert's Wood Fired Steaks & Seafood Columbus,$$$,4.0,298
TzKFGVDK3OABk9xeZaDcXQ,Marino's Seafood,$,3.5,99
Nk2mnfoiSbM85iW0cAFpsw,Bonefish Grill,$$,3.5,155
n4t3vJ1vCZOfuIsqcCIvCw,Shrimp Lips Seafood and Chicken,$$,4.0,26
UGmdk3-f8wQWKww5iDKDjg,South Village Grille,$$,4.5,148
8Ux5RH2Vw8p9b5MZG1I0qg,The Boat House,$$,3.0,181
cxY6HDZU3tvY6X6UfMPWEg,Bonefish Grill,$$,4.0,136
cWad40jEQrDp-nvcz7LsJg,Alpine Restaurant & Bar,$$,4.0,95
ok0lC2_xNsWiEyaaMyzZEw,Cousins Maine Lobster - Columbus,$$,4.0,81
gleCP9W-7ancQKs5VsyGUg,The Seasoned Farmhouse,$$$,4.5,7
1Jsa9Uzp6wRChPRsHEzj6Q,Firebirds Wood Fired Grill,$$,4.0,322
6KG6pQFC06qKwbOucDIWjw,The Guild House,$$,4.0,412
WhmFnKYSP-C7EWBb8q62SQ,Creole Kitchen,$,4.0,144
-yycZWgxHu3HonoqCy88-g,"Royal Fish, Shrimp, & Chicken",$,4.0,30
8ecYpIUorkAoa5hoR1CjRQ,Lola & Giuseppe's Trattoria,$$,4.5,314
WXROkiRaS0Kj3aPYdF5iOw,Xi Xia Western Chinese Cuisine,$$,4.5,49
EWUAtpjoA-F3ZS-UBFk1UQ,Frank's Fish & Seafood Market,$$,4.5,6
tyM-DGgThriXlDMD8CKqUA,Nosh on High,$$,4.5,33
ei7tFGEM4y3r2Jtw5FAyKQ,Akai Hana,$$,4.5,558
KmGiWWaMFsVz5CFNQJOeRQ,McCormick & Schmick's Seafood & Steaks,$$$,2.5,201
dp_60ZST2ZzwwQH-vgojqA,GOGI Korean BBQ,$$,4.0,207
B_W4Nq3-iFWV2ato5AjXTw,The Refectory Restaurant and Bistro,$$$$,4.5,337
baiTD2N5oXlol0IpPsopvg,Jeff Ruby's Steakhouse,$$$$,4.0,174
Diu6-86Rb2_FKxFfmoG_Eg,The Sycamore,$$,4.0,341
ssGG38E2Fi_v4oGsfBHhew,Red Lobster,$$,3.0,53
VN4xcfjHWmVCJmKyRw5mww,Pokeworks,$$,4.5,53
J3PxxS405OkxHS8-V8Tj_Q,The Barn at Rocky Fork Creek,$$$,4.0,326
ygDVelFEQid9pg68Iie5HQ,Poke Bros,$$,4.0,167
Uzpv6SmvoHDzF2x2GFnuTg,The Whitney House,$$,4.0,438
hqx382sZ_5WHK8W5D4ATGQ,Hyde Park Prime Steakhouse,$$$,4.0,247
fqvny-hUy16ShDpHltFJqA,Final Cut Steak & Seafood,$$$,3.0,75
_HjZriFG3yxn6W2wbjjuOg,Super Seafood Buffet,$,2.0,33
YCuGxnZvDl1JFROkMS3kwg,The Walrus,$$,4.0,393
CJiGIQMEbY-gri_Z8CZB2Q,Daruma Japanese Steakhouse,$$,4.0,30
uGT7PNLtTvbXp07YrheSlw,Amina's Fish in Mayo's Kitchen,$,4.5,7
yu4iVdak9eC_R1eG8caV0Q,Smith & Wollensky,$$$,3.5,205
AD6nnPBEvBc8O7QiCpw0dQ,Jessie Mae's Southern Creole Cuisine,$,4.5,27
kZAOjOOo_ldCX4y9poinig,Family Garden Chinese Restaurant,$,4.0,15
gmIyAldUFb9e8ekRYtGsow,M at Miranova,$$$,4.0,262
aoZ6S97rgx61zm_roPMjDg,Poong Mei,$$,4.0,143
QLWoGg9c-IiHhATxlQLmvQ,Fortune City Chinese Restaurant,$,4.0,16
AxpIPXBj6ACqdm8cbPN3SQ,Family Garden,$,4.5,12
cVZZgpsLDibVCDfkn-AvbA,Golden House Chinese Restaurant,$,4.0,20
qh9GPo8OJa4kxJyZEQkWIQ,Wolf's Ridge Brewing,$$,4.0,886
fay98HNWjsWQ0eDkv8APgg,Rusty's Wharf,$,4.5,103
_D6r5foXJMj7VcvHcE7RiA,Miller's Ale House - Columbus,$$,3.0,257
1MHEntGVnZ53mhryc7rO8w,So Gong Dong Tofu and Korean BBQ,$$,4.5,134
8lS-sVYxXqVbhV8vjitzDg,Hong Kong House,$$,3.5,121
pfAhZeQf-TqxqG5DxLfhsg,Eddie Merlot's - Columbus,$$$,4.0,205
OODadwHfqrUk0WAs07JBkg,Lindey's,$$$,4.0,653
ngwaJZlxXvbSQ2UUHvIvkw,Lawsheas Southern Fish & Ribs,$,3.0,56
NfmHvJIr7luPk11M0N01Aw,Chicago Fish & Chicken,$,4.0,6
A8gi6bZw5uYwEGx_ZGVPbA,Third and Hollywood,$$$,4.5,546
sOdwE6iR4tgNQH0jTEyv8Q,Barcelona,$$$,4.0,486
qxTDCLWxFpyHzhLjQndvxg,Cap City Fine Diner Columbus - Grandview,$$,4.0,547
-f1MkBhdZZoa50BhAib4UQ,Los Galapagos,$$,4.5,64
MyuVJzBb0WYWUU2bOBBDrg,Tucci's,$$$,4.0,224
gdjQ9O1IqHr63JGfw7W1XA,J. Gumbo's,$,3.5,91
p6fXUm2l77xr-tF9e3VaqA,Restaurant Silla,$$,3.5,148
2Y1Q6CqLqwijyOpf_-KIgA,"Sharks Chicken, Fish, & Shrimp",$,4.0,8
kk5Ah-EGaJTDZwMZl4vshg,Captain D's,$,4.0,9
4vMRzvnNiM-bVPFawWxKUQ,Hudson 29 Columbus - Upper Arlington,$$,4.0,273
OpxKTIuO6dIVfXuT2Hi82g,Marcella's Columbus - Short,$$,4.0,728
iRk6W68B2LDZTUkKNmyngw,The Mad Greek,$$,4.0,139
7wCjkn6ZaVkJ5_SDTrtGow,La Tavola,$$,4.5,187
o-qTqruUOhjPyuEo2HZPig,Lazy Chameleon,$,3.5,40
mscUYjo16iOcBCAwAvCQaQ,Red Lobster,$$,3.5,60
i_cTGg5OAnEmbm95iwPQ0Q,Pokebap,$$,4.5,178
dJWEzqPtq_g6Nki_cXdHGQ,Cameron's American Bistro,$$$,4.0,154
uCwFk5GqopPiPwQuOybuaA,Hai Poké,$$,4.5,154
T4ld-S4oboZVbdkun37Btg,Carfagna's,$$,4.5,122
uL4z1YIFSBr1fF3uTK-_4g,The Old Bag of Nails Pub,$$,4.0,112
Dui5L7XBCrq5K4kVo48cqQ,Chinese Beef Noodle Soup,$,4.0,89
AD_ZK1M0tuFDGPiju2LxmA,Genjigo,$,3.0,39
zO_OZS-ZaBp54segpbU6uA,Fado Irish Pub,$$,3.5,189
LdQG4GusysIT3tS4W5gGMw,Plaza Mexican Grill,$,3.5,22
mqQiHYqqF5LqV6z86kI3bQ,Firefly American Bistro,$$,4.0,101
apOJUav4sZymt_Tj0zEDgQ,Oshio,$$,4.0,135
v4VGDO88G-85pMYTVRgbuw,Peking Dynasty,$,3.0,93
t-UaulQ_HOh2dt144UzawQ,The Olive Tree Mediterranean Café,$$,4.5,403
JsEzTZJxC79IZ4l0ZBp9fA,Peking Wok,$,4.0,39
PL0xy29--FEHr9-u8xk5Yg,Bamboo Thai Kitchen,$$,4.0,173
UD9pk3wFwIXmVCxbjiYg_g,Cooper's Hawk Winery & Restaurants - Columbus,$$,4.0,625
RR35sWKWWgRUjEjrOZRbQg,Sidebar Columbus,$$,4.0,309
iSKy41PLQl9MX3n1ujkfRw,Forno Kitchen + Bar,$$,4.0,655
ZqwrRkIZj8ZF_cQWixwwNA,The Ave Steak Tavern Columbus - Dublin,$$$,4.0,65
yoJY6Yz20hLeEK_HQ-odYA,The Keep,$$,3.5,120
tcYZZy30srYVGsPnDosTdA,Thimmes Fish Shack,$,3.5,12
lSI-lVR6Hx2j8my6QR8nJg,Fronteras,$$,4.0,117
5CSb10ZhZB1CJ6OgC6mPSg,Polaris Grill,$$,3.5,174
mdr4E1u3O2j_OowjhVWBfA,Joy To Go,$,3.5,17
YnuDFW0CPxetugr9Fm0HMw,Claudiana Italian Restaurant,$$,4.0,174
6rJwbvMfV45b52-LLbpreQ,Lieu's Asian Cuisine,$,4.0,59
bSH5is1rwsaX5_SG8QXIGw,Vino Vino,$$,4.0,113
aCLLjwPKvA4w294TdtPx1A,Mitchell's Steakhouse,$$$,3.5,205
2gZ3inUrmWG6FFG_pWGamw,The Barrel & Bottle,$$,4.5,31
LDlJN87epr7BEU7fVyepYg,Bonsai,$$,4.5,77
Us45CtxoOMmpNC0AXwCEOw,1808 American Bistro,$$,4.0,189
IqZGTcEx7YMxhOOtiR6W0A,Red Hook Grill,$$,4.0,135
bNogFEEebMw1O4l-bVgP4g,The Old Bag of Nails Pub,$$,3.5,56
RGg17i-M2B7fPT_3jLw1Hg,Red Lobster,$$,2.5,47
r_pnR7IZ9obToUUye9UXLg,The Old Bag of Nails Pub,$$,4.0,100
as0JDp2cefQp-uv8ywecnw,Lupo,$$$,4.0,75
qvo44UnlBRi_SL-Pv3iCGw,H.Y. Asian Cuisine,$$,4.0,80
MVptHS8sa0EGOJ-6X1-ssw,J. Alexander's Restaurant,$$,3.5,188
Lq6E0bhVn30hKLDyQ5PVIw,Wild Ginger,$$,4.5,231
o1swOI_fdPYIEKb0kXY1QQ,Cap City Fine Diner Columbus - Gahanna,$$,4.0,230
IMFCQsq9wMyJDi9MyrVOCw,Noren9,$$,4.0,51
riJvhtBjJt_UuNVXL1EffA,M & M Chicken & Fish,$,3.0,12
DMlvZQXNxF31-8TiR488Zw,Rossi,$$,4.0,261
lT1maJv0OUyE7RxywWml_A,Daruma Japanese Steakhouse and Sushi,$$,4.5,256
pYu29jr2l4Iyd9h-Z1PSlA,Yogi's Hoagies,$,4.0,25
W-LQnIsAwUXIafRMbbge3Q,Nicola Restaurant and Bar,$$$,4.0,117
Ji2rC8VHvKk_IcoRv6LrhQ,Texas de Brazil,$$$,3.5,288
u4C-9uYGK47EvB8dLws9Fw,Panini Opa,$,4.0,160
pZc8rwUrvieemrnvRLpxqw,Helen Asian Kitchen,$$,3.5,232
eJHhG6tbGfyPHAfw05sg_A,Diaspora,$$,4.0,145
6YE82vkpelnWPTjQUfjtvA,Plantain Café,$$,4.0,227
wn4Zx2YBsCczrK8U_4DcWQ,VASO,$$,4.0,274
yKyKvEqumEes4FOQYi6dlg,The Top Steakhouse,$$$,4.0,233
KIwx3hkI2Fd09sO7_W7zIA,BJ's Restaurant & Brewhouse,$$,3.5,302
W-gTke7yS_HNne2gOzu6yQ,Old Bag of Nails,$$,3.5,110
OJqn7poj4dTCpRDDa2tX-Q,Hubbard Grille,$$,4.0,367
byQCzTRpO0igV7c4QvxGtw,Jasmine's Thai and Sushi,$$,4.5,88
NR-CkQYadMK_DuxewllOpg,Bangkok Grocery & Restaurant,$$,4.5,272
IMFkUzCQax2KzA3tD00PuA,North Market,$$,4.5,813
7ru-4LKIU9MXtqfgxFZ9LA,Rice Bowl Restaurant,$$,3.5,32
OpVZKrMMsZluYy7okzGPcw,Mi Li Cafe,$,4.0,227
FOYFzi_lUFpVHtrDXWd-Aw,Z Cucina Di Spirito,$$,4.0,264
pKdv-j1llPa93H61bk99RA,Min-Ga Korean Restaurant,$$,4.0,206
6ZdYMQ7wZZ5rSkGH7Ig88A,Red Lobster,$$,2.0,45
8bKA8SV9zGwH1LN0OSMpPA,Fujiyama Steakhouse of Japan,$$,3.0,124
JUOnEujJEgrHV6EWvwtqMA,Sushi Time,$$,3.0,128
L5te05mXhJIqJag5TpO5mA,Iguanas Fresh Mexican Grill,$$,4.5,102
143NEW78kBoKdpPK8UsWag,Basi Italia,$$$,4.5,305
m3iPaN1GaujLel9hY8M61Q,The Ave Steak Tavern Columbus - Grandview Heights,$$$,4.0,164
2TT4N2Sj0ZNUtnZd1Ror9w,Sushi King Asian Fusion,$$,4.0,73
XTGXfmGq6vJfb0AxEhkxWA,The Happy Greek,$$,4.0,263
QV7ALm0YpDaiuh-DNmUuUg,Mr. Pot,$$,3.5,57
reMg63s7cbuU5zFHAiumDg,Peking Hot Pot,$$,3.0,92
nJDgrbYq11Azj39lcT8WYQ,Rodizio Grill The Brazilian Steakhouse,$$$,3.5,194
J8BnOx3rJ9oO78KtF0K5OQ,Yoshi's Japanese Restaurant,$$,4.0,70
DdHVmOnAmN2ggUGPTcCGVw,Asterisk Supper Club,$$,4.0,212
JEUXlI7QIKt94p0FqzqK1w,Fiesta Jalisco,$$,4.0,98
IYlFvp0nJumAbTgRczLMqQ,Asian Wok,$,4.0,36
fh-Guneo3jPLadG5rSsOWA,101 Beer Kitchen,$$,4.0,366
tN5tGj5mSYhr0Fk1zY2z_w,Fusion Steakhouse,$$,3.5,100
f7rCsRKOv7l54UGrBk1Ltw,Martini Modern Italian,$$$,4.0,391
1JyiHoH2BaHTY_3jzKIpjQ,La Michoacana Mexican market,$,3.5,43
Wle0H63aFvKdB-mXCTjR0A,Indochine Cafe,$,4.5,431
NOggPML_hfzV14NKigd0fQ,Kyoto Japanese Steakhouse,$$,4.0,76
t-mwfcumQwR1HV-v3zb5Bw,Little Dragons Chinese Restaurant,$$,4.0,111
xYfZiNe2dux7-e3hXvGcmQ,Asia Fusion,$$,4.0,72
b8ziXrsS1sv8ixEsmK_RDg,Thai Lagoon Bistro,$$,3.0,30
KPg8DbRc8-FAWBsO72aSgg,G. Michaels Bistro & Bar,$$$,4.0,231
yAhmOxBmtOuXwiS_q0nklA,Asian Grocery & Seafood Market,$,4.0,4
dCAMmTewdOpMYhvFbF-HFQ,Light Bulb Asian Cafe,$$,3.5,70
tipiDbBuaRe8gsBGYesXrw,Scali Ristorante & Deli,$$,4.5,141
n-MgG7TotpCGwz47bMN2dQ,Z's Asian Bistro,$,4.0,59
TH2Cu3RvW6CldangTaMoyw,Lotte Oriental Foods & Gifts,$,4.5,42
O6I69Elz0iYm2nHmJLSzyg,Lucky Dragon,$$,3.5,92
NSiqQxUyJkLGaozSnU6fPg,Tony's Italian Ristorante,$$,3.5,118
8O9A_c19YN1lhttLUqR90Q,Sushi Ten,$$,4.5,64
ACcxaRBYNHQR8dwYt8BpKA,Lemon Grass Fusion Bistro,$$,4.0,517
hNpnUFVW4Xm5CoShgpey7A,Bistro 2110 At the Blackwell,$$,3.5,32
sXjFnjaSMdSbJE892rOx5A,Cuco's Taqueria,$,4.0,285
KEiQRJjLgVsJYMuOmHL2hw,Genuwine's,$$,3.5,42
HfTfTRgaS1o2yAy2R0hjmw,Beer Barrel Pizza and Grill,$$,3.5,93
O2HsuGjq3uRXyenrisV59A,O'Charley's Restaurant & Bar,$$,2.5,38
En8UkWQDojCvM-Odliin0A,Monarch,$$$,3.5,47
GLc6PYpzzdnu8_voyXaSlw,Milano's Italian Restaurant,$$,3.5,75
hqX9pVycG3csRwRTVX9tlA,Union Cafe,$$,3.5,352
Iv-Gh9y7mJWP4pR0u7t3WQ,Harvey & Ed's,$$,4.0,170
F3N4XgvVa7dDciLllPs6eg,Hyde Park Prime Steakhouse,$$$,4.0,93
k5g8fYwnk5hxwD54ANCd-w,Hickory House Restaurant,$$,4.0,118
vXgNswX8dt6uaE8XfFPAEg,Pho Asian Noodle House & Grill,$,3.5,339
GXWwV7BJ0kUhYvKx4IZS4w,El Tacoriendo,$$,3.5,35
fH8jd2oh3wpmTBNFV8tfqg,Eastern Palace,$$,3.5,38
4WeDvy_Q6oJxy7m50JfAMw,Main Moon,$,3.0,40
M0UsGvO35OBv0JkdvPVRog,o.h. Sports Bar,$$,2.5,51
9becSOs6Am7fpcc9saQqEQ,Matt the Miller's Tavern,$$,4.0,328
UbDlV4Roe-jJzd7lX09RUQ,Moretti's Of Arlington,$$,4.0,130
Fh2ytyazIXSAWSsUkMOlnQ,Pepper's,$,3.5,16
tNUqSEKIA4QB4dULCz6_Bg,Beer Barrel Pizza and Grill,$$,3.5,240
88yuT4vxKXsVGrjzDos_Ig,Starliner Diner,$,4.0,525
I9QrFoMQp7XC1vac5IWCTg,LongHorn Steakhouse,$$,3.5,59
AHMA7314bg975Gy1JxZDkg,Erawan Thai,$$,4.0,141
vO2gQdiqwRuaXmr1w2TdVg,Mr Wok Restaurant,$,3.5,35
yvL1gvFILSlGgqauOgZ7AA,Weiland's Market,$$,4.0,114
ijTHIuiaWfFq91c7MVEPEg,Joy Food One,$,3.5,56
X0h0DcJtJ9LjfZYnfBgwuQ,Applebee's Grill + Bar,$$,2.5,32
pollE0ugQhD0u1kjoWgiqg,Red Lobster,$$,2.5,77
sFcLp3A8XHuekU_h0sAqJg,Cafe Phenix,$,4.5,85
jFMT5-P2ZPZgNUzLvFB9NQ,O'Charley's Restaurant & Bar,$$,2.5,73
4ergn03AcRW2kzgvZC-kzQ,The Old Mohawk,$$,4.0,320
i7eNLlZYVrcAomeMvnbxhA,LongHorn Steakhouse,$$,4.0,79
wwuv7koL2KhXpzb7U3p1Wg,Milestone 229,$$,3.5,468
mSBDEah8gSWAfZ335F0Wmg,Figlio,$$,3.5,95
TgT_5CdqQJop2WVpnuD6lQ,Barrel & Boar Creekside,$$,4.0,234
vJlw-WFFMzBOQ4FgaWWuew,Ted's Montana Grill - Arena District,$$,3.5,201
nM_9krmu73UQzBs-VsTFCA,The Elevator Brewery and Draught Haus,$$,3.5,363
WFZ54YjWdADzVDHtE949GA,El Pedregal,$$,4.5,49
d4_A9CrvIoMz76uaEfFxfw,Latitude 41,$$,3.0,117
4EpBxhxdCTnaOY4htYkPMg,Oodles Noodle & Dumpling Bar,$,3.5,46
Od15Zlad-YWm3jQu4nVaaQ,Captain D's,$,2.5,17
itSN2u8aMYl9ghC0NGqCLQ,The Cheesecake Factory,$$,3.0,277
W76rwruxYRAKcp2p2AbKUw,Golden China Express,$,4.0,69
uaSlWopdvOIubp_lgtC3zQ,Momo Ghar,$,4.5,530
j8XKckVpfg87YInaANNpcQ,Joey Chang's,$$,3.5,120
MnIrl3-ywqH6O0mh9zIMcg,Peking Dynasty Express,$$,4.0,75
6_VBVoFBWE2gysfcwAi5aA,Casa Hacienda Grill,$$,4.0,47
hdZoehfFqp4d4wRVJlkS4Q,94th Aero Squadron Restaurant,$$,2.5,131
ZFEjCZ744h3ANrFDRO2P8Q,Carrabba's Italian Grill,$$,3.5,104
PAYhhnyM8aujqNEiNUWIHg,Oscar's,$$,3.5,124
S2sUj5vsnLt2L6ehGiWAMA,Figlio,$$,4.0,149
osq0INQ-ZB5tu11PVBVgUQ,Villa Nova Ristorante,$$,4.0,261
FcImGP8MXZ5MTdLs5VH_Tg,Joy Food,$,3.5,20
qbXviVJDHop4BYNcLQYurQ,El Jalisciense,$,4.5,31
JaaW66iTeWu997R-1fogdQ,Don Tequila Mexican Grill,$$,4.0,61
JJ96dXSj34DDa3qrZG4fmg,J Liu Restaurant & Bar,$$,3.0,154
SrfGTXkBIt-KOXBAiOB-lg,El Vaquero Mexican Restaurant,$$,3.5,119
6xj8KDXNyZbowU99K8NaDA,Marcella's Columbus - Polaris,$$,4.0,271
xAhflenOAPnysj_c9Rjrkg,Local Roots,$$,4.0,308
GghTigOCFKEWOqFzHqEsYA,Applebee's Grill + Bar,$$,2.5,26
IYGMS2vkPB_ppqssWijJcg,Ba Sho Japanese Resturant,$$,4.0,80
xO8WNvQ7YQWb8AXhzAknxw,Viiza - Columbus,$,3.5,18
fUd177p8Mu9C_CQ4aB5EiQ,Eat Greek,$$,4.5,169
g0vuYI9x-RdvnUxYiayXyQ,Asian Taste,$$,4.0,77
2BPo04AYdsc3OysXauTMEg,Sushi Ko Japanese Restaurant,$$,4.0,191
hd8yrhOz0sUUghhr-cXrrw,China Chef,$,3.5,12
hc3rX9jw-Zqc1XuGX2lHUw,Pacific Eatery and Catering,$$,3.5,36
bsSF4FqcFXKWvvaCmiqwHA,TAT Ristorante Di Famiglia,$$,3.5,90
Ycq_dqKaGggMCNHw0WTcsw,Carrabba's Italian Grill,$$,3.5,78
Nd5QL15cjeId7fIYwWxZKQ,La Casita,$$,3.5,158
Q1cVQqykAdjJtTBsXhkWbw,OPA Grill & Tavern,$$,4.0,98
wS8VGXi2ZkFEH6C5kVIHvg,Peking House,$,3.5,45
Mu0BqiJ9G7-39gq46Dw7TA,Lashish the Greek,$$,4.5,185
7QPdaFhn634Db4dYIZ_PLA,Chinese Express,$,4.0,33
XJtaM8BgFAYQADppqqFkag,Anna's Greek Cuisine,$$,4.0,152
Pk2QBpUL57VRDvfTU5M8Mg,Cumin & Curry,$$,4.5,101
m2ZRkb_nTfXR6oOgO-OLVg,Ena's Caribbean Kitchen,$$,4.0,208
L9TDwkCgtwYOMv1r6KPgSg,Red Lobster,$$,3.0,23
SZiJNGijxR7rTp2d6OTqBA,Huong Vietnamese Restaurant,$,4.0,282
qQ0j9f65e65f49axlwpsVQ,Poblano's Mexican Restaurant,$$,3.5,54
NZuvQdnoHHxergNceSxoZg,FUSIAN,$,4.5,112
E7JcIbqmMGoCC0CQ9VcZ1g,Matt The Miller's Tavern,$$,4.0,272
tn1A_ecW61SbRcSj9LOjfg,Fortune Chinese Restaurant,$$,3.0,93
LBdlUgaeFOdeZyPzeId2Nw,Applebee's Grill + Bar,$$,3.0,52
ENmSWHGk_29LfCnN9manSw,Arepazo Tapas Bar Grille,$$,4.0,206
WiiOt6AliLkAb1bB71yCYA,Arirang Oriental Market,$,4.0,80
OvC1i7BO2BT1uFtLZmCbrg,FUSIAN,$,4.0,126
5EL7PHJwwvHpDBAAYTrg-Q,Supreme Buffet & Hibachi,$$,2.5,150
RMjbc5IHBIAaqpX2hB7DOw,Panda Wok,$,3.5,27
g6XOxTJgV2GyEKJtJlwTIw,Carfagna's Kitchen,$$,3.5,185
E807OYNFTaF7Nq6RO9fHcQ,Los Guachos Taqueria,$,4.5,738
0VY7zMQSFSf9vKocDvvVXQ,Thai Paradise,$$,4.0,282
xWJT9GEbaxCh1KrcVPeZdg,Castaways,$$$,4.5,4
jPHNezpbzVq5-I63mm9kzw,Tensuke Market,$$,4.5,207
CrBjMue1txuPddSav_rhzA,Molly Woo's,$$,3.5,195
AzzlLJn6yDHHAUiWSMOUAg,Jason's Deli,$,3.5,96
cJt_spyXzZeQx4VVc4FE6g,Vittoria Ristorante & Bar,$$$,4.0,125
sz5eATcLA7jimY_-c-9yMg,Ming Flower Chinese Restaurant,$$,3.0,55
f_XE9x75jV8Nffd6VERoUQ,Trattoria Roma,$$,3.5,153
eg6lBCMrwfkrDKRjBxjBzQ,Cafe Istanbul,$$,4.0,242
k7VuAp0zAgoIKid1YNTrBA,Buckeye Pho,$$,4.0,451
uhyqEk_d1j_cC3I-26wYhw,Mi Tradicion,$$,4.0,192
_Gs7ngMDwknWxktGBIwppA,Chili's,$$,3.0,94
6TR47ve0paO5IB2fHaGNJw,Olive Garden Italian Restaurant,$$,3.0,90
IJVqt4PE0QKaqJ2VfBYBZg,Zoup!,$$,3.0,14
oh2Hk3oWDJa6KZ2PbpcIJg,Shorty's,$,4.0,47
sBCd47RoqDq4wd408CCfHQ,Habaneros Fresh Mexican Grill,$,4.5,179
2y3iLAwlzHSZMC_Y6W5jQg,China Buffet,$,2.0,11
3N9LR2tNE-XJc4WWLR4rkQ,O'Charley's Restaurant & Bar,$$,3.0,58
ngISVETVUANe0i1jGxMifw,Olive Garden Italian Restaurant,$$,3.5,51
SY7t6FaYZcZu6lBspRtueQ,China House,$,4.0,42
_8OgXGJ3qbcmxljXTq5Pfg,Joy's Village,$,3.5,88
k0qAgky-thX72SKOu87pbA,Beijing,$,4.0,26
0q8zaMYcoxFC8-hlYBJCmg,Crazy Burrito,$$,3.5,100
cTytIb5ltiFS1gc0rUMtLA,Royal Ginger Asian Fusion Bistro,$$,3.5,237
Nfcr5dgObffbMEBZg8WzPw,Frisch's Big Boy,$,2.5,19
VN46Uw3Fmq6c9QOFBfNayg,Spagio European & Pacific Rim Cuisine,$$,3.5,206
WfNO6dcHD3RWId87md9Q3Q,La Scala,$$,3.0,128
8IrthZhfOrc1YA-yGyFldA,Golden China Express,$$,2.5,22
2LtNLB_oB8lOXAUfmiaHcw,Applebee's Grill + Bar,$$,2.0,62
SRIhCTfwxFairf2cCC0h-g,The Melting Pot,$$$,3.5,176
N80BDy1khndxjGk77otElQ,Local Cantina,$$,3.5,82
n-yw1FfAnXZzL3Uce7DodQ,Tai's Asian Bistro,$$,4.0,359
srQtYPWaQFm5Ksfwc0JWoQ,Koble Grill,$$,4.0,167
670uYG2W19te4Uy9EVVdgQ,Ty Ginger Asian Bistro,$$,3.5,213
rUSzb_bcrIBPP1rj4s_VQQ,Meshikou,$$,4.5,346
0PDjFGpIuejaumn0YcFTmg,Kroger Food and Pharmacy,$$,3.0,83
Ljxa6pwhjuxAZSTLn1XUsQ,Chen's Kitchen,$,3.0,71
M-pSfwoBQKmNr9xrmakbvQ,Kanji Japanese Steakhouse & Sushi Bar,$$,3.0,41
N5yvv_q8h5omlj4x5Ukv_w,Lucky's Market,$$,4.0,147
dPJ02MwEyaMKwZSYv_2jwg,Panda House,$$,4.0,72
w-cmezQrbE5LvtoVVsX_5g,Japanese Oriental Restaurant,$$,3.5,100
kEiDjNg7pqsROl7DTB5Itg,P.F. Chang's,$$,3.0,178
hKa__ZhGPo5NmTq1zp4qEQ,China Dynasty Chinese Restaurant,$$,3.5,44
kffbNhU3s_Bbbl5GFsMOQA,Charritos,$,4.0,111
PliTAO7fivnYHu5Y4PoX-A,BD's Mongolian Grill,$$,3.5,123
saNBDcoa-7WHXwOdFiToGA,My Big Fat Gyro,$$,3.0,10
s4MVKZv5kcz9I3Mf4wlDXg,Siam Orchid Thai Restaurant,$$,4.0,159
YaAMmFUZpuCV1VfTN9QOVg,Saraga International Grocery,$,4.0,120
KadGTnVR-OzLRT3on1Z2vg,China Garden Buffet,$,3.0,63
QImsnYz8JyNTqDGyvI903w,Joy House,$,4.0,59
zQA9aMDHa-uIs7QXP6M8Qw,La Chatelaine,$$,3.5,169
wWKmpR0aIOOO9duBfFkLPQ,Giant Eagle Market District,$$,3.5,98
AfKV6OIss2-ivf7ZxM3sAA,Mediterranean on 33,$$,3.5,61
m9iMOyFv6vexyPjWsGXWNg,Mitchell's Steakhouse,$$$,3.5,96
wXo7TOIUfugYw5vOuZHJMA,Caribbean Jerks,$$,3.0,53
qbvUR5HWjp2xDQMjiilgwQ,Mezzo,$$,4.0,173
5v-W3m3augDw_4zVp_24ew,Yamato,$$,4.5,61
0PwEAzQYiKj_YqFaceFqlg,Bawarchi Biryanis,$$,3.5,87
cY8H9XNP50jpuJl-7D5mJg,Yin Yue Restaurant,$,3.5,29
uyvvzHJ9tlXZ-DEbCJ81Zg,Wing's Restaurant,$$,3.0,62
klcr2PDzDr7IXK8ShZ1FAQ,Beef 'O' Brady's,$$,3.0,49
mS9Kym1PEAlC2QDUAExSpA,Nida's Thai on High,$$,3.5,297
KsE9WxKoi1C4kJBZOVsTDg,BD's Mongolian Grill,$$,3.0,128
XL28Uio1JvrBBuuRtlmX_g,Applebee's Grill + Bar,$$,2.5,49
kNRmLvDqdTZd79nbi5NA_w,Giant Eagle,$$,3.5,29
UvK5cM561jYiVW5sg6BPaA,LongHorn Steakhouse,$$,3.5,80
TSDTM8Kx1Bx89Ge3nDJtLg,M & M Chicken & Fish,$,2.5,8
3UsjhDx90TVv6bmurO8ObA,The Table,$$,3.5,206
uWfRJ7Nk-m2GYvVtLJYIbQ,Restaurant Tora,$$,4.0,170
6AlzJUimUP4FUSMw-5cC3A,Sunflower Chinese Restaurant,$$,3.0,270
eFbeBVGHR4FdGy8J2Pk0yg,The Old Bag of Nails,$$,3.5,115
HmAwiL5UplKEJqkuOGm9Zw,Peking House,$,3.5,23
KvAlEJkkrhYVBNDbx-so3g,El Tacoriendo,$,4.0,71
Cw0NYhvDCFGI99tQG36AGA,Café Creekside,$,3.5,101
vGfiJMtYzMrnn34EmSCtYw,Epic Buffet at Hollywood Casino,$$,2.5,55
B8g3lEnYeTLAfGkaUBzq4g,Happy Star,$$,3.0,21
9xjLdoDeXnqZR1x4Vcii1g,Sunrise Asian Market,$,3.5,28
h38aNS9UVvXRE2NYfSSNjw,Mr Sushi,$$,4.0,167
sR8Q3kXeNb4so1yc3EBllg,Giuseppe's Ritrovo,$$,3.5,144
-d5eU8b-mXvmMdTlvf9D9w,Orient Express,$,3.5,19
5eq56X-e9YbAKmHgUOyXSg,Hunan Lion,$$,4.0,149
NeI-2JTgjVxtR14O0oWHbA,Rishi Sushi Kitchen & Bar,$$,3.5,181
O1aVoTivqKEvVnozUJoB4w,Crazy Burrito,$$,3.5,53
zutT8W1vZbQQweSiHWmWVw,Sakura Asian Bistro,$$,4.0,42
C2WoNrldNAf68ACOgap_6Q,Oodles Noodles & Dumpling Bar,$,3.0,99
zcpLu23eKPbZFWw6yfAQkA,Mellow Mushroom,$$,3.5,192
zXagh2_CFxstP_rR23ZP9w,Spagio Wine Lounge,$$,4.0,45
kFT2RIf7gknFiPeyNx2jjw,Tensuke Express,$,4.0,372
t-uC9S0gqrpcC1pb2r0kLw,Saigon Asian Bistro,$$,4.0,158
NPYC5xmOxKPfq5znVs3rLw,Thai Mango Asian Bistro,$,3.5,89
ObEwBJgQl2kiKBep7lpPaw,The Old Bag of Nails Pub,$$,3.0,74
7bjTNWXnOcqZ1MwxGQIclw,Long John Silver's,$,2.0,7
ls_fzH9NN5saoz0pepSflQ,Joy Lucky,$,3.5,26
HKa5XY1NGYA2TPbvO47mfQ,Fiesta Bar & Grill,$$,3.5,35
yrJlHOr0IHj9uctwWCca3w,Whole Foods Market,$$,4.0,92
j-MSjDa7HHXEzrb4MsD7pg,Zapatas Mexican Kitchen,$$,3.5,62
vkKt5OWXLRXVxQMk621Oog,Nada,$$,4.0,522
Ursi7C6lA76ZshOCh2detg,Cinnamon Indian Grill,$$,3.0,81
7fw5fqjoXsrJRLGleRTjOw,Yanni's Greek Grill,$,4.5,264
QTXGfbKGkmhTNc2gLKgCMg,Popeyes Louisiana Kitchen,$,4.5,8
yOqeYUyC4kasomDpjgGRkw,El Burrito Loco,$,4.5,41
RiQWvLN3pdWhBEE1FguYtg,Asian Kitchen,$,4.0,107
-UjTc0PkkXrOAzrLwAZk2A,The Wine Bistro,$$,3.5,110
tjUvFosGEt8KNV5ZCgwe9A,O'Charley's Restaurant & Bar,$$,3.0,62
A6aKnPBSbLCrr0UQU8lwJQ,Bon Vie,$$,3.5,231
z5JA0ZK1mfzHonXXTiKYPQ,Olive Garden Italian Restaurant,$$,3.5,61
bxIhfB5Nt3Qm8AaEhBLbyg,FUSIAN,$,4.0,123
LGbgmsRy_a1peMOkxHQylQ,Yau's Chinese Bistro,$,3.5,143
OmvW75Ntc7xzlIQaDJy93w,Frisch's Big Boy,$,2.5,27
mlkZKdRvCcOhikAJMJMZxQ,KISSHO Asian Bistro & Sushi Bar,$$,4.0,87
8j3GswYQ2xqjBCa1Pz-c6A,Buns Restaurant,$$,3.0,127
mjMiB-PwX_3mLRiNA3XGaw,Long John Silver's,$,2.0,6
FXnjLXjcJtmY59yg4WK56w,Champps Restaurant & Bar,$$,2.5,165
gIIOGLIKYJf79WBbjeY84Q,Tea Zone Bakery & Cafe,$,4.0,79
2AH4lX3aRUWd_IOef5ZxfA,Golden Corral Buffet & Grill,$$,3.0,26
QcQf0ZZI3JshuBptg1Fy8Q,Applebee's Grill + Bar,$$,2.5,35
SHJA_vAxGWm_peucjyOZ7Q,Long John Silver's,$,2.5,14
H9FyV0NSP8XNO6OgWuawQQ,Sunshine Wok,$,3.0,30
eyUrgP6fuVk9sJ83NhXRng,Brio Tuscan Grille,$$,3.5,294
oI3Ee5qwQLmbyr8JVTVKnw,Asian Gourmet & Sushi Bar,$$,4.0,127
Ql1weirXEKdt4_Jd5ViTUw,Olive Garden Italian Restaurant,$$,3.5,71
rcbhLMCGC-TIberv-rQsnA,Cafe Istanbul,$$,4.0,223
0Lwb1fZghRJgUHJ0U-VBHw,Giant Eagle Market District,$$,4.0,140
4qa5ak2f2T-YiOyCpsHVWg,Kooma sushi Restaurant,$$,3.5,154
d4ahvxQKe1h6lPcSD8CVVw,Hunan House Chinese Restaurant,$$,4.0,99
-1rvXk4zbX3I6ddMCtPlmQ,ZenCha Tea Cafe,$$,4.0,87
RPWda257pWgTplLP5mK34g,Gallerie Bar & Bistro,$$$,3.5,100
weGKdLn0bdQYVOHpujptyg,Lantern Chinese Restaurant,$$,4.0,52
diPD4S-x3dRKvX4XzIyCoA,Red Brick Tavern,$$,3.5,34
S608EbOcnQu7Vl9dCJEnpw,Bravo Cucina Italiana,$$,3.5,161
uAaHzjsOVdHzzM3JsXRZQQ,Spaghetti Warehouse,$$,3.0,308
Bbktkmz2cIrWNMlnQQtevw,Eastern Bay,$$,3.0,54
GpX8xdV7whvJy7uZoUKjlQ,The Hills Market,$$,4.0,59
35VgbRQWRDvQrIku3OfqKA,Memories Food & Spirits,$,3.5,61
0BlJNW8VX3OvxSY0uhlYbg,Whole Foods Market,$$,4.0,147
3axCNpHberFlA1_OJRGKQA,El Vaquero Mexican Restaurant,$$,3.0,46
9nx-2YzbeTFXkayqdDxdCw,Hunan J Restaurant,$$,4.0,30
Ml0zddyP1gs4m_i5fH2DLQ,Frisch's Big Boy,$$,3.5,16
mDa13JeFWrvB1rzciu0mjw,Bahn Thai,$$,3.5,144
szSYUbjufOKMfOx_WYwgWA,Chi Thai,$$,4.0,148
aO4zNXQ5VTDehGrohVfhrg,Golden Corral Buffet & Grill,$$,1.5,59
OARGK-HGnMwwW5_5AuZACw,Applebee's Grill + Bar,$$,3.5,24
2LGFIvRU4qp8gS9yzoIrMA,Silk Road Asian Cuisine,$$,4.5,35
3jr-BE8wA0_av6PqwcEfzA,Happy House Chinese Retaurant,$,3.0,95
JJs663-_wKhNpHUrYsjrgg,Popeyes Louisiana Kitchen,$,4.0,11
3iH7J9CuJaQ7bcx-Lyw8_A,Ying's Teahouse & Yum-Yum,$$,3.5,114
-xvjPiBD2XfE3sDdnSYvIw,Giant Eagle,$$,3.5,40
blCnD9dKtQEIHMR2I1UwMA,Tanuki,$$,3.5,57
yOKJZIOsfahncAp9PMCVjw,Cardone's Restaurant & Bar,$$,4.0,72
iF76wR7yAMdjZ8M7ofV2yw,China Bell Restaurant,$$,3.5,72
k5Kt8G-Bp9P60z_D4RcsxA,Der Dutchman - Plain City,$$,3.5,197
i5FWX1V2UCie6LFEUyCDAw,Fresh Thyme Farmers Market,$$,4.0,50
Ymf3F224B1k0fCNqqth9zA,O'Charley's Restaurant & Bar,$$,3.0,52
v5jX6BbA6kvt0LXCbe36Vw,Cimi's Bistro,$$,3.5,55
QrRt62vrhGUq5B2YUnWQ3g,China Phoenix,$$,3.5,40
IoHIGoyZipp5fPInCr7DvA,Aab India Restaurant,$$,4.0,541
GTaEl-oGi-slHvrK5GdsHQ,Kroger,$$,3.0,22
RDrBC6Hi4PNvLfonMiFxdw,J Liu Restaurant & Bar,$$,3.5,143
goYkEWcypsBeJ-RWoRAdEA,Due Amici,$$,3.5,253
siUVnq_GhPP0kehIBSPcaA,Golden China Express,$,3.0,21
4VbXlYlhoT-rYPFmEYSc0w,China Bistro,$,3.5,24
wVqKkdXL0n07BySnqjXf-g,Golden Chopsticks Chinese Food,$,3.0,33
zVwZhXM0SSuoitZww4Hd2Q,Whole Foods Market,$$,3.5,107
yKRPz6-KmoBgvekGXQ_HbA,Great Wall Chinese Restaurant,$,3.5,35
dWIQ5bNHXkYZev6LA_Wt4A,Long John Silver's,$,3.0,4
naSOQibpV65OOonRqjbUww,Moshi Sushi Bar,$$,3.5,117
bIRgpkf-Gl26SI8n9Hd3KQ,Dragon China,$,3.5,10
mYCcUrxFboW_gYvgLS-rXA,Hen Quarter,$$,4.0,240
7TEVMT_OSbv-Z8U1zE5tvA,Chile Verde,$$,4.0,254
_ZitdnE0rEb88P7JfWdOmA,Happy Dragon,$,3.0,25
v4hUCP1r-bLB2GCMTkSzZQ,Thai Grille,$$,4.0,318
38Q1lHLw5MV1JXOvJ2KGyg,Sakana Sushi Asian Fusion,$$,4.0,115
6BkTERc6dXeb4A9ShcFozQ,Mr Sushi,$$,3.5,139
RVy5n9dcXwbGljqjzGuGiw,Great Asian Restaurant,$$,4.0,92
nfEjJc9_FuHTeCnYT5MIkQ,Q2 China Bistro,$$,4.0,77
XvuVAB9k959neKCldUoxhw,La Fogata Grill,$$,4.0,142
nJ1T6sOdpnIibrBYCn7Meg,Pho Chef,$,3.5,155
iLUP3RMvcy3DiwIPF8MeeQ,Ann & Tony's Restaurant,$$,4.0,76
8oibmAWXGdBQDI2f5BHFhA,Giant Eagle,$$,3.0,29
zfEuNOQCRUmBoduSmSRneg,Typhoon Asian Fusion Bistro,$$,4.0,131
Bxsw9xIxM4A3lhO9Szw0nA,Sushi En,$$,3.5,124
IHqP7NcjqVVIR6vQjuOiXw,Zen Cha Tea Salon,$$,4.0,257
3gBcqOcB398NeExXbJALYw,Eat Greek,$,4.5,48
jOHwZM0r85j67b9zxQLV9g,Lunada Mexican Grill & Cantina,$$,3.5,153
dDqQJFCNf0mp00XKFAuLyw,Fresh Thyme Farmers Market,$$,3.5,23
072W0Om4VkvKchwfFBR6iA,Iron Chef,$$,3.5,72
vdclTKayT8N7l72_508Yhg,Omezzo,$$,4.0,130
9xXvZsc0f0UguKevFaUikA,Gahanna Grill,$$,3.5,122
gdkBlxdPKKKNLFOTtIsf-g,Sesame Sea Asian Bistro,$$,4.0,163
NBAKeOzsZTrtL-Q0lyCHuQ,Kroger Marketplace,$$,3.0,22
m9RStq7wbr-4BrQLWoBXjw,El Vaquero Mexican Restaurant,$$,3.0,178
bfXBH-l89BO05V-KrL6R_Q,Olive Garden Italian Restaurant,$$,3.0,59
dYhGXeMDkat0i2ZJiN-ZfQ,Lucky House Chinese Restaurant,$$,3.5,107
TaiTE7Y5c5iYyRLb4YJXvw,Señor Antonio's,$$,3.5,118
pxy0wF55FP_vLhfDlSu81A,Fugu Sushi,$$,4.0,117
91E_lIBwGg5KRU5dcb7owA,BD's Mongolian Grill,$$,3.0,147
GQjPY6uzOuCfHBjfXYdFIA,Tokyo Sushi,$$,4.0,56
xLXNtMdHTyntkj-gOPJb-g,DH Wu,$,3.5,42
3daMYz7sP4-sokC46h8Nqw,Buca di Beppo Italian Restaurant,$$,2.5,199
09rLuHIIojQzItJil-Xw1A,Hong Kong Restaurant,$,3.5,37
SYIes-ISzK4hUDPuSfbU8g,Kroger Food and Pharmacy,$$,3.5,52
9Fp3lIAf_Xxh-l8Wv1t2HA,Olive Garden Italian Restaurant,$$,3.0,60
dx0NessyboqUYYlNYSkgXQ,Ruby Tuesday,$$,3.0,32
kLaqhAIkc8Siq_hVXyTBjA,China City Buffet,$,3.0,36
5-R4wb7hpdY3ThFg5YA-aA,El Cañon Mexican Restaurant,$$,3.5,53
RHcI8LVBxLtuVtbwhFPIJA,Hellas Carryout,$,3.0,70
VLEZsm8hAuiHc68y4vyqUw,Fresh Thyme Farmers Market,$$,4.0,29
LgWR-BIq8dMOOvm3IJmsLA,Asahi Japenese Steakhouse,$$,4.0,29
M1EPAGuThgowbBohUs-eVQ,Las Margaritas - Canal Winchester,$$,2.0,77
cMV9eTANvLDWn17oRl6ANA,Signatures Mills Stone Tavern,$$,3.5,75
NZefTE5qCBimlOKPWwNAJg,Long John Silver's,$,2.5,5
MfIuVO4GUy6sKAQMoDgtTg,O'Charley's Restaurant & Bar,$$,3.0,69
Iq9IPGbuwHGRMJuE3eWBnQ,Billy Lee's Chinese Cuisine,$$,3.5,52
8lQ9RGzgfn36qfKMFCdA-Q,Jason's Deli,$,4.0,75
P-OoLugmzJKexE_xZUibuA,Asian Express,$,3.0,47
5HHiZ2u0ie4RpHMpH0CTag,Tres Potrillos Galloway,$$,3.0,70
se8WPy2lEXHsaf9NxRL0Aw,Giammarco's Italian Restaurant,$$,3.5,181
b376BMYw32G0ojd_jirWZg,Siam Express,$,3.0,10
jfMc5aan47ipqfTnYnfhMQ,China House,$,4.0,25
2PqavxOybtt8x9KMs3mmJw,O'Charley's Restaurant & Bar,$$,2.5,51
eaCTsZS3QvUpjV3T2sPM3w,Brio Tuscan Grille,$$,3.5,111
iJyprej1HP0CgucheH1mmg,Rancho Alegre - Upper Arlington,$$,3.0,75
rC_rRJRS9gf0m_UNon6K2w,Long John Silver's,$,2.5,3
JsJdmQB6d0UsIfEPLkLCNg,Cazuela's Grill,$$,3.0,164
xcHXMHIKV0rL9h8H9-dJSg,Park to Shop,$$,3.5,22
OohgBEVhYlCd2I9HHyQ15w,Scrambler Marie's,$$,3.0,44
GH_gIF5XLdcucjVAq1VSqw,LongHorn Steakhouse,$$,3.5,54
YxsouRBl45mcuFqCpYA50Q,Fiesta Grande,$$,3.0,28
gnCEFhnBluskkUHWl7woNg,Golden Corral Buffet & Grill,$$,3.0,12
5XHAbCciSpWQFj7HueGpGA,Golden China Express,$,2.0,23
uBzF4TZ7-FqFvfdo-TLsuw,Great Wall Chinese Restaurant,$,3.0,20
FqnLYv7yxK1_thyYy4-6LA,Sushi.com,$$,4.5,127
Q74_JteQvnH6AcmmYEBZ3Q,Gordon Biersch Brewery Restaurant,$$,3.0,219
mC8u3V3EejHyx1Tqpvj0nA,New China Express,$,3.5,20
hQgDxew1afPLAQ_O2GrRbg,House of Japan,$$,3.0,127
iJdkwLTKXV1HprmSOZMp0w,Super Wok,$,3.0,17
qSvv7xYuZFt87mAfjzHf-w,Las Margaritas - Westerville,$$,3.5,69
QabRJdgliFUg_F7RXnrZwg,Tian Fu Buffet,$,3.0,44
d5HXd8xMaJAefpsUMm_uYg,Grand China,$,3.5,54
Qm4MuhF6a17MPyJ60iM3dQ,The Hills Market Downtown,$$,3.5,78
YQChuH381FvQ69qzdYKwpg,Popeyes Louisiana Kitchen,$,2.0,19
mBLX3LxfjJ6FqDz6XXX_0Q,Zoup!,$,3.0,38
0Gi-6V_K_V94sF-kylHUuQ,Cafe China,$$,3.5,34
tXxgA22d-tI2yatTq_zmFA,Ding Ho Restaurant,$$,3.0,87
CCK1fCaqCC8LUWu5tRCbmg,Lucky Yee,$,3.0,56
GgApr_IqLxkTu2umrL1DPg,Asian Buffet,$$,3.0,47
XzpVIzocKoYasObMMdwsmQ,Kroger Marketplace,$$,2.5,6
1xOjwMlswXksTowTcFi8-A,ALDI Foods,$,4.0,15
tm8sQkFL4Us9o3YcX8kdqQ,Mellow Mushroom,$$,3.5,212
TX90QFwdWFqu3TxRdWR18A,Azteca Mexican Grill,$$,3.5,72
2WxCfPNvPJ0MIA3hdZg2jA,Mark Pi's Feast Of The Dragon,$,2.5,52
HCw9FwjllfwU90gYgMlm6g,Scramblers,$,3.5,38
W-ouas5W3DOJ1lnaqcHGIg,Golden Corral Buffet & Grill,$$,1.5,50
Q3-e1fc4vyuNx6PzctQLDA,La Chatelaine French Bakery & Bistro,$$,3.5,90
2X7t9jAVSmwbFTchXyOvLg,Thai Orchid Restaurant,$$,3.5,48
ByzsxFbsfPRhjpm46Nmzog,Asian Star China Buffet,$,3.0,69
O-_oTJuV6msOm3IKpqusSQ,Giant Eagle,$$$,2.5,11
v_jWKKWEUyh1solQ3CLtsg,Mr O Kitchen,$,3.5,32
nQkhcY0jL0LQlVkpLMsPTQ,New Chopsticks,$,3.5,44
ftFV9zP-l3S0XCpI1uvMkA,Stir Fresh Asian Canteen,$$,4.0,34
jIL8KRMB8nTquFQxj0XlKw,Kraft House No. 5,$$,3.5,223
01bpUEQYIRXAfDThD4CfQA,Casa Patron,$$,3.5,123
AsTmy5mqkXpr1-hXUtmfQA,Jade's Chinese Restaurant,$,3.5,47
YTOwZoR1KMRLUEi9qZ0ueg,Olive Garden Italian Restaurant,$$,3.0,25
dRGNcIXqwgFSrig0YK8QYQ,A & J Wingburger,$$,4.0,66
LptUcswBlIpNZ91f6pLITA,Shi Chi Japanese Restaurant,$$,3.5,91
XOMpdafLCkb2trBUObQF2w,Dragon House,$$,3.0,54
oFnXdnxLm1AlIj6wVtHHCA,Jason's Deli,$,4.0,101
ROmexDLZO-y30YPSv4UyyA,Kroger Food and Pharmacy,$$,2.0,8
-2NDj-2t-4eCAb5AFXBgGA,Happy Wok,$$,3.5,26
1xCpZid7gMPQQXoeYeJJSg,Ruby Tuesday,$$,2.5,55
t1nslKOy04wnYGL0qtYyqw,Giant Eagle,$$,3.0,19
5LeQr6xlmOJYIaY1CrhCgw,Sam's Club,$$,3.0,28
X-H0dX7nTeR9qYOnoYHHUA,China Buffet,$,2.5,19
dFZketL3TUeMKPvX3BIqHg,Asian Garden Buffet,$,2.5,50
dZDdXYTgOtQHyzE8NbVdUQ,Bob Evans,$,2.5,32
IGNPPJNPCnhnsXLqaPr5ng,Popeyes Louisiana Kitchen,$,2.5,19
Ko8iUGC-O9pMRnkV7TbCTA,Zoup!,$,4.0,75
44YhZzy9cPvttgERtYg5aA,Windchimes Chinese Restaurant,$$,3.5,103
3R22-xgY1GTOZdTHnUDePA,Frisch's Big Boy,$,3.0,12
NprP2naEmVi9-KpDTNr2gA,Benihana,$$,2.5,191
KjD8TJuCNKZ7rJjEWp59fQ,Frisch's Big Boy,$,2.0,17
Rf89UhMRm5p31BZfEVXT2A,Popeyes Louisiana Kitchen,$,3.0,15
Tg7oyo4fWv_9d4kJhet--Q,Tres Potrillos,$$,4.0,51
c6CV0ALCOiEbUnM979CvBg,Mellow Mushroom,$$,3.5,101
7CDVr4qPs1drMnxDjoCAOg,Asian Star,$,2.5,76
V8pOpotD5wWLROBMNK4rQA,Kroger,$$,3.5,41
8DopBNIp7wrunbYnG8Exqw,Giant Eagle,$$,2.5,24
eRYoeGJs7LumpXpv4xNQBg,Dragon House,$,3.5,39
aDeRNr0L8ZzdCT4oP5GHSA,The Old Bag of Nails Pub,$$,3.0,73
0q2zZycQ4RO5Sy5LLTJiVA,Giant Eagle,$$,3.0,14
g3wBWVbiBkiQER0V_YUvhQ,Giant Eagle,$$,2.0,24
